{"lr": 0.004481061105060311, "data_time": 0.009139022827148437, "loss": 2.283554220199585, "loss_cls": 0.2303974997997284, "loss_obj": 0.7968934619426727, "loss_bbox": 1.2562632465362549, "time": 1.269014868736267, "epoch": 163, "_timestamp": 1677334877.9894578, "_runtime": 52591.08717393875, "_step": 812, "coco/bbox_mAP": 0.211, "coco/bbox_mAP_50": 0.384, "coco/bbox_mAP_75": 0.201, "coco/bbox_mAP_s": 0.134, "coco/bbox_mAP_m": 0.294, "coco/bbox_mAP_l": 0.381}