{"lr": 0.004739186928329899, "data_time": 0.08643405437469483, "loss": 2.294225492477417, "loss_cls": 0.2323003041744232, "loss_obj": 0.7969415986537933, "loss_bbox": 1.2649835896492005, "time": 1.3519531059265137, "epoch": 158, "_timestamp": 1677333133.663216, "_runtime": 50846.76093220711, "_step": 785, "coco/bbox_mAP": 0.21, "coco/bbox_mAP_50": 0.383, "coco/bbox_mAP_75": 0.201, "coco/bbox_mAP_s": 0.134, "coco/bbox_mAP_m": 0.293, "coco/bbox_mAP_l": 0.379}