{"lr": 5.054280839975722e-05, "data_time": 0.01766690731048584, "loss": 6.345392684936524, "loss_cls": 0.3991406458616257, "loss_obj": 4.194112920761109, "loss_bbox": 1.7521391057968139, "time": 1.5250021266937255, "epoch": 300, "_timestamp": 1677175909.2758744, "_runtime": 65801.84681034088, "_step": 899, "coco/bbox_mAP": 0.199, "coco/bbox_mAP_50": 0.359, "coco/bbox_mAP_75": 0.189, "coco/bbox_mAP_s": 0.108, "coco/bbox_mAP_m": 0.302, "coco/bbox_mAP_l": 0.45, "_wandb": {"runtime": 65787}}