{"lr": 0.00099, "data_time": 0.0007588005065917968, "loss": 4.271568565368653, "loss_cls": 0.7744789302349091, "loss_obj": 1.2263905453681945, "loss_bbox": 2.2706990814208985, "time": 2.7279967308044433, "epoch": 1, "_timestamp": 1676973705.009881, "_runtime": 292.3635001182556, "_step": 1, "_wandb": {"runtime": 388}}