{"lr": 5.054280839975722e-05, "data_time": 0.016123228073120117, "loss": 8.60782564163208, "loss_cls": 0.46325446367263795, "loss_obj": 5.408170557022094, "loss_bbox": 2.736400675773621, "time": 1.6995638751983642, "epoch": 300, "_timestamp": 1677189799.8872151, "_runtime": 74661.65145921707, "_step": 899, "coco/bbox_mAP": 0.199, "coco/bbox_mAP_50": 0.378, "coco/bbox_mAP_75": 0.182, "coco/bbox_mAP_s": 0.12, "coco/bbox_mAP_m": 0.289, "coco/bbox_mAP_l": 0.404, "_wandb": {"runtime": 74660}}