{"lr": 0.0030199180336845034, "data_time": 0.009793391227722168, "loss": 6.522104816436768, "loss_cls": 1.0482353007793426, "loss_obj": 2.739545392990112, "loss_bbox": 2.7343241357803345, "time": 0.68787024974823, "epoch": 2, "_timestamp": 1677066108.1921973, "_runtime": 297.6846413612366, "_step": 6, "coco/bbox_mAP": 0.024, "coco/bbox_mAP_50": 0.06, "coco/bbox_mAP_75": 0.013, "coco/bbox_mAP_s": 0.011, "coco/bbox_mAP_m": 0.04, "coco/bbox_mAP_l": 0.079, "_wandb": {"runtime": 327}}