{"lr": 0.003283950617283951, "data_time": 0.0019529867172241211, "loss": 3.12239999294281, "loss_cls": 0.634172356724739, "loss_obj": 1.418967238664627, "loss_bbox": 1.0692603826522826, "time": 0.33708352088928223, "epoch": 1, "_timestamp": 1677064537.0835042, "_runtime": 292.6410641670227, "_step": 8, "coco/bbox_mAP": 0.007, "coco/bbox_mAP_50": 0.021, "coco/bbox_mAP_75": 0.002, "coco/bbox_mAP_s": 0.003, "coco/bbox_mAP_m": 0.01, "coco/bbox_mAP_l": 0.016, "_wandb": {"runtime": 299}}