{"lr": 0.000723901514526745, "data_time": 0.012460765838623046, "loss": 2.182888765335083, "loss_cls": 0.1991732460260391, "loss_obj": 0.7677186751365661, "loss_bbox": 1.2159968256950378, "time": 1.0113978290557861, "epoch": 195, "_timestamp": 1677305342.1413577, "_runtime": 53341.07006764412, "_step": 972, "coco/bbox_mAP": 0.233, "coco/bbox_mAP_50": 0.41, "coco/bbox_mAP_75": 0.227, "coco/bbox_mAP_s": 0.152, "coco/bbox_mAP_m": 0.325, "coco/bbox_mAP_l": 0.41}