{"lr": 0.0006550066049012632, "data_time": 0.011098589897155762, "loss": 2.1859265613555907, "loss_cls": 0.1935833165049553, "loss_obj": 0.7798274219036102, "loss_bbox": 1.2125157928466797, "time": 0.9755835723876953, "epoch": 201, "_timestamp": 1677307092.3953552, "_runtime": 55091.324065208435, "_step": 1004, "coco/bbox_mAP": 0.234, "coco/bbox_mAP_50": 0.412, "coco/bbox_mAP_75": 0.227, "coco/bbox_mAP_s": 0.153, "coco/bbox_mAP_m": 0.326, "coco/bbox_mAP_l": 0.406}