{"lr": 0.001225, "data_time": 0.10426623821258545, "loss": 5.153337659835816, "loss_cls": 1.66472820520401, "loss_obj": 0.8359317016601563, "loss_bbox": 2.6526777744293213, "time": 1.115100498199463, "epoch": 1, "step": 50}
{"lr": 0.002475, "data_time": 0.011111798286437989, "loss": 4.70188003540039, "loss_cls": 1.353496401309967, "loss_obj": 0.9959235858917236, "loss_bbox": 2.3524600648880005, "time": 0.9068175458908081, "epoch": 1, "step": 100}
{"lr": 0.003725, "data_time": 0.010605449676513673, "loss": 4.320094919204712, "loss_cls": 1.2497137808799743, "loss_obj": 0.9724691605567932, "loss_bbox": 2.097912023067474, "time": 0.9411471128463745, "epoch": 1, "step": 150}
{"lr": 0.004975, "data_time": 0.010015583038330078, "loss": 4.019191665649414, "loss_cls": 1.1329013228416442, "loss_obj": 0.9720116233825684, "loss_bbox": 1.9142787408828736, "time": 0.9786983346939087, "epoch": 1, "step": 200}
{"coco/bbox_mAP": 0.01, "coco/bbox_mAP_50": 0.033, "coco/bbox_mAP_75": 0.003, "coco/bbox_mAP_s": 0.005, "coco/bbox_mAP_m": 0.017, "coco/bbox_mAP_l": 0.02, "step": 1}
{"lr": 0.00629982901066635, "data_time": 0.10048738956451415, "loss": 3.7928074741363527, "loss_cls": 1.0042043232917786, "loss_obj": 0.9771380174160004, "loss_bbox": 1.8114651179313659, "time": 1.0454096841812133, "epoch": 2, "step": 253}
{"lr": 0.00754979508421126, "data_time": 0.010491700172424316, "loss": 3.5700977087020873, "loss_cls": 0.9199403929710388, "loss_obj": 0.9214084470272064, "loss_bbox": 1.7287488508224487, "time": 0.9465033769607544, "epoch": 2, "step": 303}
{"lr": 0.00879976115775617, "data_time": 0.010542516708374023, "loss": 3.487804832458496, "loss_cls": 0.8510122275352479, "loss_obj": 0.9370436382293701, "loss_bbox": 1.6997489714622498, "time": 0.9327855777740478, "epoch": 2, "step": 353}
{"lr": 0.010049727231301082, "data_time": 0.010257344245910644, "loss": 3.423739275932312, "loss_cls": 0.8171197485923767, "loss_obj": 0.9220773887634277, "loss_bbox": 1.684542145729065, "time": 0.9433324480056763, "epoch": 2, "step": 403}
{"coco/bbox_mAP": 0.007, "coco/bbox_mAP_50": 0.018, "coco/bbox_mAP_75": 0.004, "coco/bbox_mAP_s": 0.002, "coco/bbox_mAP_m": 0.012, "coco/bbox_mAP_l": 0.016, "step": 2}
{"lr": 0.011373765110890553, "data_time": 0.09331578731536866, "loss": 3.3432097816467286, "loss_cls": 0.7611339497566223, "loss_obj": 0.9412547314167022, "loss_bbox": 1.64082111120224, "time": 1.0785139989852905, "epoch": 3, "step": 456}
{"lr": 0.012623629408790613, "data_time": 0.010349469184875488, "loss": 3.292854571342468, "loss_cls": 0.7504934883117675, "loss_obj": 0.9059613919258118, "loss_bbox": 1.6363996958732605, "time": 0.9139476537704467, "epoch": 3, "step": 506}
{"lr": 0.013873493706690674, "data_time": 0.01041961669921875, "loss": 3.283789186477661, "loss_cls": 0.7227659213542938, "loss_obj": 0.9379112744331359, "loss_bbox": 1.6231119656562805, "time": 0.9299273347854614, "epoch": 3, "step": 556}
{"lr": 0.015123358004590734, "data_time": 0.010046119689941407, "loss": 3.2273573207855226, "loss_cls": 0.694277116060257, "loss_obj": 0.9256208908557891, "loss_bbox": 1.6074592900276183, "time": 0.9113884925842285, "epoch": 3, "step": 606}
{"coco/bbox_mAP": 0.009, "coco/bbox_mAP_50": 0.023, "coco/bbox_mAP_75": 0.005, "coco/bbox_mAP_s": 0.007, "coco/bbox_mAP_m": 0.014, "coco/bbox_mAP_l": 0.014, "step": 3}
{"lr": 0.01644598204441806, "data_time": 0.1054140043258667, "loss": 3.248976955413818, "loss_cls": 0.6773844194412232, "loss_obj": 0.9404707944393158, "loss_bbox": 1.6311217522621155, "time": 1.0320246505737305, "epoch": 4, "step": 659}
{"lr": 0.017695676728644357, "data_time": 0.010731310844421386, "loss": 3.1609000635147093, "loss_cls": 0.645599604845047, "loss_obj": 0.9026800274848938, "loss_bbox": 1.6126204586029054, "time": 0.9081227016448975, "epoch": 4, "step": 709}
{"lr": 0.018945371412870653, "data_time": 0.010798373222351075, "loss": 3.17885404586792, "loss_cls": 0.634311740398407, "loss_obj": 0.942808587551117, "loss_bbox": 1.6017337393760682, "time": 0.9975125551223755, "epoch": 4, "step": 759}
{"lr": 0.02019506609709695, "data_time": 0.010675716400146484, "loss": 3.1564189910888674, "loss_cls": 0.6103313767910004, "loss_obj": 0.9396928179264069, "loss_bbox": 1.60639479637146, "time": 0.954181900024414, "epoch": 4, "step": 809}
{"coco/bbox_mAP": 0.024, "coco/bbox_mAP_50": 0.059, "coco/bbox_mAP_75": 0.016, "coco/bbox_mAP_s": 0.012, "coco/bbox_mAP_m": 0.038, "coco/bbox_mAP_l": 0.058, "step": 4}
{"lr": 0.021515653864349574, "data_time": 0.09226441860198975, "loss": 3.166175045967102, "loss_cls": 0.6173590421676636, "loss_obj": 0.9320038461685181, "loss_bbox": 1.616812150478363, "time": 1.0420320177078246, "epoch": 5, "step": 862}
{"lr": 0.022765111115473243, "data_time": 0.01053123950958252, "loss": 3.1076467847824096, "loss_cls": 0.6082798850536346, "loss_obj": 0.8946274173259735, "loss_bbox": 1.604739487171173, "time": 0.9072778034210205, "epoch": 5, "step": 912}
{"lr": 0.024014568366596913, "data_time": 0.010550618171691895, "loss": 3.1610498905181883, "loss_cls": 0.5993681633472443, "loss_obj": 0.9397305691242218, "loss_bbox": 1.6219511675834655, "time": 0.9972187185287475, "epoch": 5, "step": 962}
{"lr": 0.024989145022473375, "data_time": 0.010174875259399413, "loss": 3.1127889823913573, "loss_cls": 0.5923178219795227, "loss_obj": 0.9153384780883789, "loss_bbox": 1.605132691860199, "time": 0.9263079786300659, "epoch": 5, "step": 1012}
{"coco/bbox_mAP": 0.002, "coco/bbox_mAP_50": 0.005, "coco/bbox_mAP_75": 0.001, "coco/bbox_mAP_s": 0.001, "coco/bbox_mAP_m": 0.004, "coco/bbox_mAP_l": 0.007, "step": 5}
{"lr": 0.024989145022473375, "data_time": 0.07982447147369384, "loss": 3.1384451389312744, "loss_cls": 0.5861918556690217, "loss_obj": 0.9378555965423584, "loss_bbox": 1.6143976879119872, "time": 0.9723968601226807, "epoch": 6, "step": 1065}
{"lr": 0.024989145022473375, "data_time": 0.009480748176574707, "loss": 3.1347380971908567, "loss_cls": 0.5918600463867187, "loss_obj": 0.9211760568618774, "loss_bbox": 1.6217019653320313, "time": 0.8993438625335693, "epoch": 6, "step": 1115}
{"lr": 0.024989145022473375, "data_time": 0.009556331634521485, "loss": 3.1341496181488036, "loss_cls": 0.5992426013946534, "loss_obj": 0.9302870774269104, "loss_bbox": 1.6046199440956115, "time": 0.9007846260070801, "epoch": 6, "step": 1165}
{"lr": 0.024989145022473375, "data_time": 0.009482216835021973, "loss": 3.0949457454681397, "loss_cls": 0.5730317986011505, "loss_obj": 0.9233474135398865, "loss_bbox": 1.598566541671753, "time": 0.908795313835144, "epoch": 6, "step": 1215}
{"coco/bbox_mAP": 0.021, "coco/bbox_mAP_50": 0.045, "coco/bbox_mAP_75": 0.017, "coco/bbox_mAP_s": 0.013, "coco/bbox_mAP_m": 0.031, "coco/bbox_mAP_l": 0.038, "step": 6}
{"lr": 0.024983040492587854, "data_time": 0.09281997203826904, "loss": 3.0779552936553953, "loss_cls": 0.5729999935626984, "loss_obj": 0.9212404572963715, "loss_bbox": 1.5837148356437682, "time": 1.0033571243286132, "epoch": 7, "step": 1268}
{"lr": 0.024983040492587854, "data_time": 0.009693655967712402, "loss": 3.0862181568145752, "loss_cls": 0.5682814711332321, "loss_obj": 0.9257489705085754, "loss_bbox": 1.5921877312660218, "time": 0.9302577304840088, "epoch": 7, "step": 1318}
{"lr": 0.024983040492587854, "data_time": 0.0098854398727417, "loss": 3.0632816886901857, "loss_cls": 0.5606197261810303, "loss_obj": 0.9196508693695068, "loss_bbox": 1.5830110931396484, "time": 0.924206600189209, "epoch": 7, "step": 1368}
{"lr": 0.024983040492587854, "data_time": 0.009790997505187988, "loss": 3.041539068222046, "loss_cls": 0.548140116930008, "loss_obj": 0.9088268756866456, "loss_bbox": 1.5845720720291139, "time": 0.9017122077941895, "epoch": 7, "step": 1418}
{"coco/bbox_mAP": 0.006, "coco/bbox_mAP_50": 0.013, "coco/bbox_mAP_75": 0.004, "coco/bbox_mAP_s": 0.002, "coco/bbox_mAP_m": 0.009, "coco/bbox_mAP_l": 0.017, "step": 7}
{"lr": 0.02497558076429986, "data_time": 0.08979463100433349, "loss": 3.0291359281539916, "loss_cls": 0.5476097267866135,