{"lr": 0.003283950617283951, "data_time": 0.0006473493576049804, "loss": 2.284258644580841, "loss_cls": 0.24345940619707107, "loss_obj": 0.48833264827728273, "loss_bbox": 1.552466583251953, "time": 0.258241229057312, "epoch": 1, "_timestamp": 1676971932.2839267, "_runtime": 140.98601269721985, "_step": 7, "_wandb": {"runtime": 448}}