{"lr": 0.000495, "data_time": 0.0027121543884277345, "loss": 11.90889362335205, "loss_cls": 2.1637730717659, "loss_obj": 5.731856031417847, "loss_bbox": 4.013264493942261, "time": 1.6167387008666991, "epoch": 1, "_timestamp": 1677108647.0653214, "_runtime": 267.2591323852539, "_step": 2, "coco/bbox_mAP": 0.016, "coco/bbox_mAP_50": 0.051, "coco/bbox_mAP_75": 0.004, "coco/bbox_mAP_s": 0.005, "coco/bbox_mAP_m": 0.029, "coco/bbox_mAP_l": 0.052, "_wandb": {"runtime": 272}}