{"lr": 0.005153664978422619, "data_time": 0.076487717628479, "loss": 2.2593738412857056, "loss_cls": 0.2265716463327408, "loss_obj": 0.7836471700668335, "loss_bbox": 1.249155008792877, "time": 1.4093598175048827, "epoch": 150, "_timestamp": 1677333117.3161376, "_runtime": 50519.72783946991, "_step": 745, "coco/bbox_mAP": 0.207, "coco/bbox_mAP_50": 0.377, "coco/bbox_mAP_75": 0.195, "coco/bbox_mAP_s": 0.13, "coco/bbox_mAP_m": 0.291, "coco/bbox_mAP_l": 0.368}