{"lr": 0.004894516742563265, "data_time": 0.009047198295593261, "loss": 2.287633571624756, "loss_cls": 0.23026376247406005, "loss_obj": 0.7989567708969116, "loss_bbox": 1.2584130549430848, "time": 1.3553531217575072, "epoch": 155, "_timestamp": 1677334868.8764505, "_runtime": 52271.28815245628, "_step": 771, "coco/bbox_mAP": 0.207, "coco/bbox_mAP_50": 0.379, "coco/bbox_mAP_75": 0.195, "coco/bbox_mAP_s": 0.13, "coco/bbox_mAP_m": 0.292, "coco/bbox_mAP_l": 0.367}