{"lr": 0.0004900000000000001, "data_time": 0.20470349311828615, "loss": 12.312942657470703, "loss_cls": 3.0316017389297487, "loss_obj": 3.9596646308898924, "loss_bbox": 5.321676292419434, "time": 1.5304688596725464, "epoch": 1, "step": 50}
{"lr": 0.00099, "data_time": 0.01660203456878662, "loss": 11.039281177520753, "loss_cls": 2.3223074007034303, "loss_obj": 4.694777994155884, "loss_bbox": 4.022195873260498, "time": 1.3026000595092773, "epoch": 1, "step": 100}
{"coco/bbox_mAP": 0.017, "coco/bbox_mAP_50": 0.048, "coco/bbox_mAP_75": 0.006, "coco/bbox_mAP_s": 0.01, "coco/bbox_mAP_m": 0.029, "coco/bbox_mAP_l": 0.033, "step": 1}
{"lr": 0.0015099590168422517, "data_time": 0.18198508739471436, "loss": 11.49503297805786, "loss_cls": 2.237111189365387, "loss_obj": 4.592599334716797, "loss_bbox": 4.665322556495666, "time": 1.479727864265442, "epoch": 2, "step": 152}
{"lr": 0.002009945446260216, "data_time": 0.016174626350402833, "loss": 12.12299913406372, "loss_cls": 2.1590485072135923, "loss_obj": 4.48678047657013, "loss_bbox": 5.4771701526641845, "time": 1.37237726688385, "epoch": 2, "step": 202}
{"coco/bbox_mAP": 0.038, "coco/bbox_mAP_50": 0.094, "coco/bbox_mAP_75": 0.023, "coco/bbox_mAP_s": 0.016, "coco/bbox_mAP_m": 0.062, "coco/bbox_mAP_l": 0.108, "step": 2}
