{"lr": 0.009993832906395583, "data_time": 0.027447547912597656, "loss": 2.0362488865852355, "loss_cls": 0.18261262893676758, "loss_obj": 1.0301145231723785, "loss_bbox": 0.8235217273235321, "time": 1.979227728843689, "epoch": 7, "_timestamp": 1677061528.8427773, "_runtime": 4732.225150346756, "_step": 54, "coco/bbox_mAP": 0.089, "coco/bbox_mAP_50": 0.192, "coco/bbox_mAP_75": 0.074, "coco/bbox_mAP_s": 0.06, "coco/bbox_mAP_m": 0.128, "coco/bbox_mAP_l": 0.15}