{"lr": 0.009993832906395583, "data_time": 0.000786886215209961, "loss": 2.126452100276947, "loss_cls": 0.18282566249370574, "loss_obj": 1.1202714085578918, "loss_bbox": 0.8233550310134887, "time": 2.141789102554321, "epoch": 7, "_timestamp": 1677061740.964099, "_runtime": 4944.346472024918, "_step": 56, "coco/bbox_mAP": 0.089, "coco/bbox_mAP_50": 0.192, "coco/bbox_mAP_75": 0.074, "coco/bbox_mAP_s": 0.06, "coco/bbox_mAP_m": 0.128, "coco/bbox_mAP_l": 0.15, "_wandb": {"runtime": 5020}}