{"lr": 0.024956599133212617, "data_time": 0.010322508811950683, "loss": 3.000733585357666, "loss_cls": 0.5320193326473236, "loss_obj": 0.8978271925449371, "loss_bbox": 1.5708870768547059, "time": 0.9007052946090698, "epoch": 10, "_timestamp": 1677251944.5153725, "_runtime": 2410.3888626098633, "_step": 47, "coco/bbox_mAP": 0.025, "coco/bbox_mAP_50": 0.058, "coco/bbox_mAP_75": 0.019, "coco/bbox_mAP_s": 0.01, "coco/bbox_mAP_m": 0.044, "coco/bbox_mAP_l": 0.079, "_wandb": {"runtime": 2413}}