{"lr": 0.009717768952713512, "data_time": 0.0006879186630249024, "loss": 2.0659874737262727, "loss_cls": 0.22647752329707146, "loss_obj": 0.6504827851057052, "loss_bbox": 1.18902716755867, "time": 0.2981711006164551, "epoch": 36, "_timestamp": 1676978978.005957, "_runtime": 6258.555631875992, "_step": 316, "coco/bbox_mAP": 0.244, "coco/bbox_mAP_50": 0.416, "coco/bbox_mAP_75": 0.243, "coco/bbox_mAP_s": 0.146, "coco/bbox_mAP_m": 0.361, "coco/bbox_mAP_l": 0.481, "_wandb": {"runtime": 6331}}