{"lr": 0.0004900000000000001, "data_time": 0.08757741451263427, "loss": 6.133014326095581, "loss_cls": 1.489872887134552, "loss_obj": 1.997567265033722, "loss_bbox": 2.645574176311493, "time": 0.7763084268569946, "epoch": 1, "step": 50}
{"lr": 0.00099, "data_time": 0.009723224639892579, "loss": 5.741167106628418, "loss_cls": 1.2121553921699524, "loss_obj": 2.5671545672416687, "loss_bbox": 1.96185715675354, "time": 0.6599418592453002, "epoch": 1, "step": 100}
{"lr": 0.0014900000000000002, "data_time": 0.009766998291015625, "loss": 6.556264343261719, "loss_cls": 1.182079586982727, "loss_obj": 2.685430769920349, "loss_bbox": 2.688753991127014, "time": 0.657329363822937, "epoch": 1, "step": 150}
{"lr": 0.00199, "data_time": 0.009783730506896973, "loss": 6.576032991409302, "loss_cls": 1.0879943263530731, "loss_obj": 2.7158878087997436, "loss_bbox": 2.77215087890625, "time": 0.6680924081802369, "epoch": 1, "step": 200}
{"coco/bbox_mAP": 0.024, "coco/bbox_mAP_50": 0.06, "coco/bbox_mAP_75": 0.013, "coco/bbox_mAP_s": 0.011, "coco/bbox_mAP_m": 0.04, "coco/bbox_mAP_l": 0.079, "step": 1}
{"lr": 0.0025199316042665396, "data_time": 0.09287597179412842, "loss": 6.463351421356201, "loss_cls": 1.0598594188690185, "loss_obj": 2.6771308898925783, "loss_bbox": 2.726361083984375, "time": 0.7553214120864868, "epoch": 2, "step": 253}
{"lr": 0.0030199180336845034, "data_time": 0.009793391227722168, "loss": 6.522104816436768, "loss_cls": 1.0482353007793426, "loss_obj": 2.739545392990112, "loss_bbox": 2.7343241357803345, "time": 0.68787024974823, "epoch": 2, "step": 303}
