{"lr": 0.0030296710581097478, "data_time": 0.015206332206726075, "loss": 9.63980260848999, "loss_cls": 1.7988738346099853, "loss_obj": 4.542397451400757, "loss_bbox": 3.298531312942505, "time": 1.4966652059555055, "epoch": 3, "_timestamp": 1677281112.2927551, "_runtime": 674.8935952186584, "_step": 8, "coco/bbox_mAP": 0.03, "coco/bbox_mAP_50": 0.079, "coco/bbox_mAP_75": 0.013, "coco/bbox_mAP_s": 0.01, "coco/bbox_mAP_m": 0.049, "coco/bbox_mAP_l": 0.111, "_wandb": {"runtime": 722}}