{"lr": 5.054280839975722e-05, "data_time": 0.016880383491516115, "loss": 8.542743501663209, "loss_cls": 0.44993394672870635, "loss_obj": 5.407464256286621, "loss_bbox": 2.685345320701599, "time": 1.6898530626296997, "epoch": 300, "_timestamp": 1677223486.846459, "_runtime": 72050.59055685997, "_step": 899, "coco/bbox_mAP": 0.201, "coco/bbox_mAP_50": 0.375, "coco/bbox_mAP_75": 0.186, "coco/bbox_mAP_s": 0.123, "coco/bbox_mAP_m": 0.289, "coco/bbox_mAP_l": 0.384, "_wandb": {"runtime": 72048}}