{"lr": 0.0004900000000000001, "data_time": 0.1677636671066284, "loss": 12.447550468444824, "loss_cls": 3.1953867053985596, "loss_obj": 3.3989250898361205, "loss_bbox": 5.853238668441772, "time": 1.7513296222686767, "epoch": 1, "step": 50}
{"lr": 0.00099, "data_time": 0.013901548385620117, "loss": 10.74507682800293, "loss_cls": 2.5173894596099853, "loss_obj": 3.5806811094284057, "loss_bbox": 4.647006235122681, "time": 1.449535093307495, "epoch": 1, "step": 100}
{"coco/bbox_mAP": 0.011, "coco/bbox_mAP_50": 0.037, "coco/bbox_mAP_75": 0.003, "coco/bbox_mAP_s": 0.005, "coco/bbox_mAP_m": 0.02, "coco/bbox_mAP_l": 0.026, "step": 1}
{"lr": 0.0015099590168422517, "data_time": 0.16234137535095214, "loss": 10.442275619506836, "loss_cls": 2.301102890968323, "loss_obj": 3.956264753341675, "loss_bbox": 4.184908056259156, "time": 1.6097673988342285, "epoch": 2, "step": 152}
{"lr": 0.002009945446260216, "data_time": 0.014051623344421386, "loss": 10.379256629943848, "loss_cls": 2.1477558851242065, "loss_obj": 4.358725686073303, "loss_bbox": 3.8727750253677367, "time": 1.4790235233306885, "epoch": 2, "step": 202}
{"coco/bbox_mAP": 0.009, "coco/bbox_mAP_50": 0.04, "coco/bbox_mAP_75": 0.001, "coco/bbox_mAP_s": 0.005, "coco/bbox_mAP_m": 0.022, "coco/bbox_mAP_l": 0.043, "step": 2}
{"lr": 0.0025297253389497234, "data_time": 0.1688861894607544, "loss": 10.030194931030273, "loss_cls": 1.9866122460365296, "loss_obj": 4.475359172821045, "loss_bbox": 3.5682235050201414, "time": 1.6413511419296265, "epoch": 3, "step": 254}
{"lr": 0.0030296710581097478, "data_time": 0.015206332206726075, "loss": 9.63980260848999, "loss_cls": 1.7988738346099853, "loss_obj": 4.542397451400757, "loss_bbox": 3.298531312942505, "time": 1.4966652059555055, "epoch": 3, "step": 304}
{"coco/bbox_mAP": 0.03, "coco/bbox_mAP_50": 0.079, "coco/bbox_mAP_75": 0.013, "coco/bbox_mAP_s": 0.01, "coco/bbox_mAP_m": 0.049, "coco/bbox_mAP_l": 0.111, "step": 3}
