{"lr": 0.00988110506292922, "data_time": 0.0008119535446166992, "loss": 1.2941192340850831, "loss_cls": 0.13933707624673844, "loss_obj": 0.648121393918991, "loss_bbox": 0.5066607517004013, "time": 1.6854667234420777, "epoch": 24, "_timestamp": 1677061478.2494574, "_runtime": 8988.79443025589, "_step": 209, "coco/bbox_mAP": 0.244, "coco/bbox_mAP_50": 0.418, "coco/bbox_mAP_75": 0.242, "coco/bbox_mAP_s": 0.147, "coco/bbox_mAP_m": 0.357, "coco/bbox_mAP_l": 0.497}