{"lr": 0.00988110506292922, "data_time": 0.000795750617980957, "loss": 1.2838227796554564, "loss_cls": 0.14272970780730249, "loss_obj": 0.635083327293396, "loss_bbox": 0.5060097450017929, "time": 1.5140669059753418, "epoch": 24, "_timestamp": 1677061863.0935385, "_runtime": 9373.638511419296, "_step": 213, "coco/bbox_mAP": 0.244, "coco/bbox_mAP_50": 0.418, "coco/bbox_mAP_75": 0.242, "coco/bbox_mAP_s": 0.147, "coco/bbox_mAP_m": 0.357, "coco/bbox_mAP_l": 0.497}