{"lr": 0.0004900000000000001, "data_time": 0.05260627746582031, "loss": 5.1562582206726075, "loss_cls": 0.996810975074768, "loss_obj": 1.1628921961784362, "loss_bbox": 2.9965550565719603, "time": 2.8532879877090456, "epoch": 1, "step": 50}
{"lr": 0.00099, "data_time": 0.0007588005065917968, "loss": 4.271568565368653, "loss_cls": 0.7744789302349091, "loss_obj": 1.2263905453681945, "loss_bbox": 2.2706990814208985, "time": 2.7279967308044433, "epoch": 1, "step": 100}
