{"lr": 0.00199, "data_time": 0.0021860265731811525, "loss": 6.143791446685791, "loss_cls": 1.1732708084583283, "loss_obj": 2.326036434173584, "loss_bbox": 2.6444841718673704, "time": 0.656008448600769, "epoch": 1, "_timestamp": 1677065441.2033997, "_runtime": 234.5029935836792, "_step": 4, "coco/bbox_mAP": 0.03, "coco/bbox_mAP_50": 0.08, "coco/bbox_mAP_75": 0.017, "coco/bbox_mAP_s": 0.015, "coco/bbox_mAP_m": 0.051, "coco/bbox_mAP_l": 0.103, "_wandb": {"runtime": 242}}