{"lr": 0.002009945446260216, "data_time": 0.016174626350402833, "loss": 12.12299913406372, "loss_cls": 2.1590485072135923, "loss_obj": 4.48678047657013, "loss_bbox": 5.4771701526641845, "time": 1.37237726688385, "epoch": 2, "_timestamp": 1677066623.8056357, "_runtime": 434.09443974494934, "_step": 5, "coco/bbox_mAP": 0.038, "coco/bbox_mAP_50": 0.094, "coco/bbox_mAP_75": 0.023, "coco/bbox_mAP_s": 0.016, "coco/bbox_mAP_m": 0.062, "coco/bbox_mAP_l": 0.108, "_wandb": {"runtime": 469}}