{"lr": 0.00010108561679951444, "data_time": 0.020065808296203615, "loss": 5.379726791381836, "loss_cls": 0.3950741654634476, "loss_obj": 3.3113570737838747, "loss_bbox": 1.6732955265045166, "time": 1.0750830554962159, "epoch": 300, "_timestamp": 1677127051.7521598, "_runtime": 55848.78103375435, "_step": 899, "coco/bbox_mAP": 0.201, "coco/bbox_mAP_50": 0.359, "coco/bbox_mAP_75": 0.19, "coco/bbox_mAP_s": 0.109, "coco/bbox_mAP_m": 0.3, "coco/bbox_mAP_l": 0.473, "_wandb": {"runtime": 55831}}