{"lr": 0.0004900000000000001, "data_time": 0.08616139888763427, "loss": 6.0159303569793705, "loss_cls": 1.4798885345458985, "loss_obj": 1.8232114601135254, "loss_bbox": 2.7128303956985476, "time": 0.8156075477600098, "epoch": 1, "step": 50}
{"lr": 0.00099, "data_time": 0.0023426532745361326, "loss": 5.669368658065796, "loss_cls": 1.2172110486030578, "loss_obj": 2.2287687706947326, "loss_bbox": 2.2233888840675355, "time": 0.6805651426315308, "epoch": 1, "step": 100}
{"lr": 0.0014900000000000002, "data_time": 0.0021736478805541993, "loss": 5.955760974884033, "loss_cls": 1.172614607810974, "loss_obj": 2.324308705329895, "loss_bbox": 2.4588376760482786, "time": 0.668864107131958, "epoch": 1, "step": 150}
{"lr": 0.00199, "data_time": 0.0021860265731811525, "loss": 6.143791446685791, "loss_cls": 1.1732708084583283, "loss_obj": 2.326036434173584, "loss_bbox": 2.6444841718673704, "time": 0.656008448600769, "epoch": 1, "step": 200}
{"coco/bbox_mAP": 0.03, "coco/bbox_mAP_50": 0.08, "coco/bbox_mAP_75": 0.017, "coco/bbox_mAP_s": 0.015, "coco/bbox_mAP_m": 0.051, "coco/bbox_mAP_l": 0.103, "step": 1}
