{"lr": 0.00040329218106995886, "data_time": 0.10710968971252441, "loss": 3.5425158500671388, "loss_cls": 0.8785017049312591, "loss_obj": 1.2427320790290832, "loss_bbox": 1.421282067298889, "time": 0.4746809387207031, "epoch": 1, "step": 50}
{"lr": 0.0008148148148148149, "data_time": 0.03347803115844727, "loss": 3.2581499242782592, "loss_cls": 0.6711371636390686, "loss_obj": 1.3219311773777007, "loss_bbox": 1.2650815725326539, "time": 0.3764460277557373, "epoch": 1, "step": 100}
{"lr": 0.0012263374485596708, "data_time": 0.002118515968322754, "loss": 3.2226248741149903, "loss_cls": 0.6577551627159118, "loss_obj": 1.3637753009796143, "loss_bbox": 1.201094410419464, "time": 0.3382256269454956, "epoch": 1, "step": 150}
{"lr": 0.0016378600823045268, "data_time": 0.002051358222961426, "loss": 3.230819239616394, "loss_cls": 0.6798599457740784, "loss_obj": 1.3973551797866821, "loss_bbox": 1.1536041355133058, "time": 0.3444816255569458, "epoch": 1, "step": 200}
{"lr": 0.0020493827160493827, "data_time": 0.00210202693939209, "loss": 3.17514054775238, "loss_cls": 0.6483302867412567, "loss_obj": 1.4062191009521485, "loss_bbox": 1.1205911672115325, "time": 0.3388339805603027, "epoch": 1, "step": 250}
{"lr": 0.002460905349794239, "data_time": 0.002129979133605957, "loss": 3.195181198120117, "loss_cls": 0.639725199341774, "loss_obj": 1.4567803764343261, "loss_bbox": 1.098675606250763, "time": 0.34204410076141356, "epoch": 1, "step": 300}
{"lr": 0.0028724279835390947, "data_time": 0.002054119110107422, "loss": 3.167671732902527, "loss_cls": 0.6557435846328735, "loss_obj": 1.425414252281189, "loss_bbox": 1.086513912677765, "time": 0.33980397701263426, "epoch": 1, "step": 350}
{"lr": 0.003283950617283951, "data_time": 0.0019529867172241211, "loss": 3.12239999294281, "loss_cls": 0.634172356724739, "loss_obj": 1.418967238664627, "loss_bbox": 1.0692603826522826, "time": 0.33708352088928223, "epoch": 1, "step": 400}
{"coco/bbox_mAP": 0.007, "coco/bbox_mAP_50": 0.021, "coco/bbox_mAP_75": 0.002, "coco/bbox_mAP_s": 0.003, "coco/bbox_mAP_m": 0.01, "coco/bbox_mAP_l": 0.016, "step": 1}
