{"lr": 0.00010108561679951444, "data_time": 0.01751802921295166, "loss": 5.4432055950164795, "loss_cls": 0.39375292479991914, "loss_obj": 3.381068997383118, "loss_bbox": 1.6683836960792542, "time": 1.499792423248291, "epoch": 300, "_timestamp": 1677166436.8491728, "_runtime": 67200.87610578537, "_step": 899, "coco/bbox_mAP": 0.197, "coco/bbox_mAP_50": 0.358, "coco/bbox_mAP_75": 0.187, "coco/bbox_mAP_s": 0.109, "coco/bbox_mAP_m": 0.295, "coco/bbox_mAP_l": 0.425, "_wandb": {"runtime": 67196}}