{"lr": 0.002354036776675618, "data_time": 0.0123388671875, "loss": 2.1976803088188173, "loss_cls": 0.21227038085460662, "loss_obj": 0.759179960489273, "loss_bbox": 1.226229965686798, "time": 0.9175789308547974, "epoch": 207, "_timestamp": 1677307122.2899532, "_runtime": 53079.71667814255, "_step": 1032, "coco/bbox_mAP": 0.216, "coco/bbox_mAP_50": 0.389, "coco/bbox_mAP_75": 0.207, "coco/bbox_mAP_s": 0.136, "coco/bbox_mAP_m": 0.306, "coco/bbox_mAP_l": 0.395}