{"lr": 0.0026653193131965093, "data_time": 0.012643723487854005, "loss": 2.1922159028053283, "loss_cls": 0.21027171552181245, "loss_obj": 0.7608223521709442, "loss_bbox": 1.2211218357086182, "time": 0.9156305980682373, "epoch": 200, "_timestamp": 1677305347.0571103, "_runtime": 51304.48383522034, "_step": 997, "coco/bbox_mAP": 0.215, "coco/bbox_mAP_50": 0.387, "coco/bbox_mAP_75": 0.205, "coco/bbox_mAP_s": 0.136, "coco/bbox_mAP_m": 0.305, "coco/bbox_mAP_l": 0.394}