{"lr": 0.00040329218106995886, "data_time": 0.046406726837158206, "loss": 2.5012408971786497, "loss_cls": 0.5247624516487122, "loss_obj": 0.43145241737365725, "loss_bbox": 1.545026023387909, "time": 0.7261923980712891, "epoch": 1, "step": 50}
{"lr": 0.0008148148148148149, "data_time": 0.0007232189178466797, "loss": 1.9448173499107362, "loss_cls": 0.3186818313598633, "loss_obj": 0.39533945500850676, "loss_bbox": 1.2307960724830627, "time": 0.25867491245269775, "epoch": 1, "step": 100}
{"lr": 0.0012263374485596708, "data_time": 0.0006130599975585938, "loss": 1.8271772122383119, "loss_cls": 0.28672957241535185, "loss_obj": 0.3737381374835968, "loss_bbox": 1.1667095148563384, "time": 0.2557000207901001, "epoch": 1, "step": 150}
{"lr": 0.0016378600823045268, "data_time": 0.0007294559478759765, "loss": 2.14106894493103, "loss_cls": 0.3000138148665428, "loss_obj": 0.43332503736019135, "loss_bbox": 1.4077300930023193, "time": 0.25828468799591064, "epoch": 1, "step": 200}
{"lr": 0.0020493827160493827, "data_time": 0.0007175350189208984, "loss": 2.271740472316742, "loss_cls": 0.29745409190654754, "loss_obj": 0.46356345593929293, "loss_bbox": 1.5107229137420655, "time": 0.25833621978759763, "epoch": 1, "step": 250}
{"lr": 0.002460905349794239, "data_time": 0.0006628131866455078, "loss": 2.1435156059265137, "loss_cls": 0.2682489250600338, "loss_obj": 0.4670482403039932, "loss_bbox": 1.408218456506729, "time": 0.25682997703552246, "epoch": 1, "step": 300}
{"lr": 0.0028724279835390947, "data_time": 0.0006568479537963867, "loss": 2.239781241416931, "loss_cls": 0.2620699834823608, "loss_obj": 0.4737235748767853, "loss_bbox": 1.5039877092838287, "time": 0.25658268451690674, "epoch": 1, "step": 350}
{"lr": 0.003283950617283951, "data_time": 0.0006473493576049804, "loss": 2.284258644580841, "loss_cls": 0.24345940619707107, "loss_obj": 0.48833264827728273, "loss_bbox": 1.552466583251953, "time": 0.258241229057312, "epoch": 1, "step": 400}
