{"lr": 0.0004476063948531561, "data_time": 0.013122992515563965, "loss": 2.9170904111862184, "loss_cls": 0.22919516384601593, "loss_obj": 1.764307496547699, "loss_bbox": 0.9235877585411072, "time": 0.6781045436859131, "epoch": 266, "_timestamp": 1677307090.6155953, "_runtime": 54714.96947431564, "_step": 1328, "coco/bbox_mAP": 0.199, "coco/bbox_mAP_50": 0.359, "coco/bbox_mAP_75": 0.191, "coco/bbox_mAP_s": 0.108, "coco/bbox_mAP_m": 0.3, "coco/bbox_mAP_l": 0.459}