{"lr": 0.0006162267868149074, "data_time": 0.11739155292510986, "loss": 2.8987842845916747, "loss_cls": 0.23186879158020018, "loss_obj": 1.742245020866394, "loss_bbox": 0.9246704947948455, "time": 0.7484023666381836, "epoch": 258, "_timestamp": 1677305360.1849673, "_runtime": 52984.53884625435, "_step": 1285, "coco/bbox_mAP": 0.199, "coco/bbox_mAP_50": 0.359, "coco/bbox_mAP_75": 0.19, "coco/bbox_mAP_s": 0.108, "coco/bbox_mAP_m": 0.3, "coco/bbox_mAP_l": 0.461}