{"lr": 0.009987915147510061, "data_time": 0.0007305097579956055, "loss": 1.942657985687256, "loss_cls": 0.13161976113915444, "loss_obj": 1.1021951019763947, "loss_bbox": 0.7088431417942047, "time": 1.7512828826904296, "epoch": 9, "_timestamp": 1677061465.213426, "_runtime": 6203.334229230881, "_step": 74, "coco/bbox_mAP": 0.194, "coco/bbox_mAP_50": 0.358, "coco/bbox_mAP_75": 0.186, "coco/bbox_mAP_s": 0.114, "coco/bbox_mAP_m": 0.281, "coco/bbox_mAP_l": 0.376}