{"lr": 0.009987915147510061, "data_time": 0.0008186578750610351, "loss": 1.8657317066192627, "loss_cls": 0.13214847519993783, "loss_obj": 1.0291562402248382, "loss_bbox": 0.7044269788265228, "time": 1.6174724864959718, "epoch": 9, "_timestamp": 1677061862.296763, "_runtime": 6600.41756606102, "_step": 78, "coco/bbox_mAP": 0.194, "coco/bbox_mAP_50": 0.358, "coco/bbox_mAP_75": 0.186, "coco/bbox_mAP_s": 0.114, "coco/bbox_mAP_m": 0.281, "coco/bbox_mAP_l": 0.376}