{"lr": 0.000495, "data_time": 0.002525138854980469, "loss": 9.865424728393554, "loss_cls": 2.0314724898338317, "loss_obj": 4.369207711219787, "loss_bbox": 3.464744544029236, "time": 1.4431703472137452, "epoch": 1, "_timestamp": 1677108508.2825544, "_runtime": 251.87904739379883, "_step": 2, "coco/bbox_mAP": 0.025, "coco/bbox_mAP_50": 0.065, "coco/bbox_mAP_75": 0.014, "coco/bbox_mAP_s": 0.008, "coco/bbox_mAP_m": 0.044, "coco/bbox_mAP_l": 0.08, "_wandb": {"runtime": 251}}