{"lr": 0.00040329218106995886, "data_time": 0.08554769992828369, "loss": 2.5659302473068237, "loss_cls": 0.4578853952884674, "loss_obj": 0.7757018768787384, "loss_bbox": 1.3323429942131042, "time": 1.1792676639556885, "epoch": 1, "step": 50}
{"lr": 0.0008148148148148149, "data_time": 0.0025040483474731445, "loss": 2.2842972326278685, "loss_cls": 0.3514010852575302, "loss_obj": 0.9915702795982361, "loss_bbox": 0.9413258564472199, "time": 1.5827291679382325, "epoch": 1, "step": 100}
{"lr": 0.0012263374485596708, "data_time": 0.001937875747680664, "loss": 2.2496572804450987, "loss_cls": 0.30483315885066986, "loss_obj": 1.0214965176582336, "loss_bbox": 0.9233276069164276, "time": 2.0640481662750245, "epoch": 1, "step": 150}
{"lr": 0.0016378600823045268, "data_time": 0.0017636442184448243, "loss": 2.2734516048431397, "loss_cls": 0.29479588210582736, "loss_obj": 1.0380139708518983, "loss_bbox": 0.9406417524814605, "time": 2.0254298782348634, "epoch": 1, "step": 200}
{"lr": 0.0020493827160493827, "data_time": 0.0017702865600585937, "loss": 2.2659146642684935, "loss_cls": 0.27845489263534545, "loss_obj": 1.0604391074180604, "loss_bbox": 0.9270206713676452, "time": 2.09929030418396, "epoch": 1, "step": 250}
{"lr": 0.002460905349794239, "data_time": 0.0017749404907226563, "loss": 2.27446427822113, "loss_cls": 0.27229339987039564, "loss_obj": 1.0665832448005677, "loss_bbox": 0.9355876266956329, "time": 2.0764740753173827, "epoch": 1, "step": 300}
{"lr": 0.0028724279835390947, "data_time": 0.0017719078063964844, "loss": 2.259692122936249, "loss_cls": 0.2586758169531822, "loss_obj": 1.070543224811554, "loss_bbox": 0.9304730689525604, "time": 2.082797212600708, "epoch": 1, "step": 350}
{"lr": 0.003283950617283951, "data_time": 0.0017043447494506836, "loss": 2.2653484416007994, "loss_cls": 0.26036952376365663, "loss_obj": 1.0593361675739288, "loss_bbox": 0.9456427621841431, "time": 2.082306056022644, "epoch": 1, "step": 400}
{"coco/bbox_mAP": 0.014, "coco/bbox_mAP_50": 0.043, "coco/bbox_mAP_75": 0.005, "coco/bbox_mAP_s": 0.012, "coco/bbox_mAP_m": 0.024, "coco/bbox_mAP_l": 0.027, "step": 1}
{"lr": 0.0037365333177067825, "data_time": 0.03588605403900146, "loss": 2.255007393360138, "loss_cls": 0.2509233909845352, "loss_obj": 1.0843733596801757, "loss_bbox": 0.9197106313705444, "time": 1.1231364011764526, "epoch": 2, "step": 455}
{"lr": 0.004148045797630437, "data_time": 0.003503885269165039, "loss": 2.255464355945587, "loss_cls": 0.2410396721959114, "loss_obj": 1.099389885663986, "loss_bbox": 0.915034818649292, "time": 0.8177358293533326, "epoch": 2, "step": 505}
{"lr": 0.004559558277554092, "data_time": 0.0016698217391967773, "loss": 2.24256285905838, "loss_cls": 0.2366833871603012, "loss_obj": 1.0961501753330232, "loss_bbox": 0.9097292792797088, "time": 2.0472344970703125, "epoch": 2, "step": 555}
{"lr": 0.004971070757477746, "data_time": 0.0017339944839477538, "loss": 2.2125067639350893, "loss_cls": 0.22817652255296708, "loss_obj": 1.0750346612930297, "loss_bbox": 0.9092955541610718, "time": 2.0631104850769044, "epoch": 2, "step": 605}
{"lr": 0.0053825832374014, "data_time": 0.0017185544967651368, "loss": 2.1813462829589843, "loss_cls": 0.22545385956764222, "loss_obj": 1.0580358934402465, "loss_bbox": 0.8978565335273743, "time": 2.0438573598861693, "epoch": 2, "step": 655}
{"lr": 0.005794095717325054, "data_time": 0.001706390380859375, "loss": 2.2245714044570923, "loss_cls": 0.22830718010663986, "loss_obj": 1.0773261725902556, "loss_bbox": 0.9189380490779877, "time": 2.1211228370666504, "epoch": 2, "step": 705}
{"lr": 0.006205608197248709, "data_time": 0.00171633243560791, "loss": 2.1523701548576355, "loss_cls": 0.2235817214846611, "loss_obj": 1.0295532202720643, "loss_bbox": 0.899235212802887, "time": 1.9950624370574952, "epoch": 2, "step": 755}
{"lr": 0.006617120677172364, "data_time": 0.001669917106628418, "loss": 2.1600972414016724, "loss_cls": 0.22398594051599502, "loss_obj": 1.059302064180374, "loss_bbox": 0.8768092548847198, "time": 2.0307702016830445, "epoch": 2, "step": 805}
{"coco/bbox_mAP": 0.041, "coco/bbox_mAP_50": 0.107, "coco/bbox_mAP_75": 0.023, "coco/bbox_mAP_s": 0.024, "coco/bbox_mAP_m": 0.067, "coco/bbox_mAP_l": 0.061, "step": 2}
{"lr": 0.007069261096273264, "data_time": 0.02592973232269287, "loss": 2.157133791446686, "loss_cls": 0.2171553346514702, "loss_obj": 1.0608390951156617, "loss_bbox": 0.8791393887996674, "time": 1.9146222114562987, "epoch": 3, "step": 860}
{"lr": 0.007480743115846795, "data_time": 0.003061094284057617, "loss": 2.1823872900009156, "loss_cls": 0.21621050268411637, "loss_obj": 1.070674728155136, "loss_bbox": 0.8955020546913147, "time": 0.688362808227539, "epoch": 3, "step": 910}
{"lr": 0.007892225135420325, "data_time": 0.001764531135559082, "loss": 2.1825851082801817, "loss_cls": 0.20715979516506194, "loss_obj": 1.0947253262996675, "loss_bbox": 0.8806999838352203, "time": 0.6401062774658203, "epoch": 3, "step": 960}
{"lr": 0.008303707154993857, "data_time": 0.0017964982986450196, "loss": 2.1672204160690307, "loss_cls": 0.21493581146001817, "loss_obj": 1.073413828611374, "loss_bbox": 0.8788707637786866, "time": 2.000596089363098, "epoch": 3, "step": 1010}
{"lr": 0.008715189174567388, "data_time": 0.001620478630065918, "loss": 2.198331747055054, "loss_cls": 0.20763148128986358, "loss_obj": 1.1100603795051576, "loss_bbox": 0.8806398749351502, "time": 2.159135479927063, "epoch": 3, "step": 1060}
{"lr": 0.00912667119414092, "data_time": 0.0017509508132934571, "loss": 2.183018300533295, "loss_cls": 0.20220112204551696, "loss_obj": 1.1062733733654022, "loss_bbox": 0.8745438015460968, "time": 2.105378246307373, "epoch": 3, "step": 1110}
{"lr": 0.00953815321371445, "data_time": 0.0017183351516723633, "loss": 2.196972899436951, "loss_cls": 0.2093835523724556, "loss_obj": 1.1155802869796754, "loss_bbox": 0.872009060382843, "time": 2.104490056037903, "epoch": 3, "step": 1160}
{"lr": 0.009949635233287981, "data_time": 0.0016785287857055665, "loss": 2.1813044857978823, "loss_cls": 0.2044305047392845, "loss_obj": 1.0974874460697175, "loss_bbox": 0.8793865132331848, "time": 2.1127764892578127, "epoch": 3, "step": 1210}
{"coco/bbox_mAP": 0.061, "coco/bbox_mAP_50": 0.14, "coco/bbox_mAP_75": 0.047, "coco/bbox_mAP_s": 0.038, "coco/bbox_mAP_m": 0.092, "coco/bbox_mAP_l": 0.122, "step": 3}
{"lr": 0.009997779521645793, "data_time": 0.028431639671325684, "loss": 2.1686387872695922, "loss_cls": 0.2063521671295166, "loss_obj": 1.0952585113048554, "loss_bbox": 0.8670281052589417, "time": 2.0877823972702028, "epoch": 4, "step": 1265}
{"lr": 0.009997779521645793, "data_time": 0.0008400583267211914, "loss": 2.136664295196533, "loss_cls": 0.19861263900995255, "loss_obj": 1.0760278236865997, "loss_bbox": 0.8620238327980041, "time": 1.9498298263549805, "epoch": 4, "step": 1315}
{"lr": 0.009997779521645793, "data_time": 0.002266550064086914, "loss": 2.176671085357666, "loss_cls": 0.20153884887695311, "loss_obj": 1.101188759803772, "loss_bbox": 0.8739434742927551, "time": 0.675282335281372, "epoch": 4, "step": 1365}
{"lr": 0.009997779521645793, "data_time": 0.0015397357940673828, "loss": 2.113277084827423, "loss_cls": 0.1908239406347275, "loss_obj": 1.0695683348178864, "loss_bbox": 0.8528848171234131, "time": 0.4568485260009766, "epoch": 4, "step": 1415}
{"lr": 0.009997779521645793, "data_time": 0.0008329057693481445, "loss": 2.107229492664337, "loss_cls": 0.19242987990379334, "loss_obj": 1.0689939439296723, "loss_bbox": 0.8458056557178497, "time": 1.8539608192443848, "epoch": 4, "step": 1465}
{"lr": 0.009997779521645793, "data_time": 0.0008534860610961915, "loss": 2.1352715277671814, "loss_cls": 0.1949845829606056, "loss_obj": 1.0845591592788697, "loss_bbox": 0.8557277917861938, "time": 2.100198497772217, "epoch": 4, "step": 1515}
{"lr": 0.009997779521645793, "data_time": 0.0007986831665039063, "loss": 2.1202828598022463, "loss_cls": 0.19201289594173432, "loss_obj": 1.0875255763530731, "loss_bbox": 0.8407443904876709, "time": 2.052560725212097,