{"lr": 5.054280839975722e-05, "data_time": 0.01577643871307373, "loss": 8.494370155334472, "loss_cls": 0.4505839288234711, "loss_obj": 5.305938663482666, "loss_bbox": 2.737847590446472, "time": 1.6844834756851197, "epoch": 300, "_timestamp": 1677182828.9593256, "_runtime": 73054.74355864525, "_step": 899, "coco/bbox_mAP": 0.2, "coco/bbox_mAP_50": 0.376, "coco/bbox_mAP_75": 0.183, "coco/bbox_mAP_s": 0.121, "coco/bbox_mAP_m": 0.289, "coco/bbox_mAP_l": 0.397, "_wandb": {"runtime": 73045}}