{"lr": 0.0006395177052675794, "data_time": 0.022290854454040526, "loss": 5.850002002716065, "loss_cls": 0.4312558764219284, "loss_obj": 3.620598635673523, "loss_bbox": 1.7981474804878235, "time": 1.2703123044967652, "epoch": 257, "_timestamp": 1677305345.11441, "_runtime": 51853.40292596817, "_step": 769, "coco/bbox_mAP": 0.198, "coco/bbox_mAP_50": 0.362, "coco/bbox_mAP_75": 0.185, "coco/bbox_mAP_s": 0.11, "coco/bbox_mAP_m": 0.295, "coco/bbox_mAP_l": 0.467}