{"lr": 0.0004476063948531561, "data_time": 0.2108112668991089, "loss": 5.846048908233643, "loss_cls": 0.42914498209953306, "loss_obj": 3.615123028755188, "loss_bbox": 1.8017809462547303, "time": 1.4260221004486084, "epoch": 266, "_timestamp": 1677307108.2817304, "_runtime": 53616.57024645805, "_step": 795, "coco/bbox_mAP": 0.198, "coco/bbox_mAP_50": 0.361, "coco/bbox_mAP_75": 0.186, "coco/bbox_mAP_s": 0.11, "coco/bbox_mAP_m": 0.295, "coco/bbox_mAP_l": 0.466}