{"lr": 0.00040329218106995886, "data_time": 0.03141850471496582, "loss": 2.8163300371170044, "loss_cls": 0.5861092913150787, "loss_obj": 0.5684726619720459, "loss_bbox": 1.6617480540275573, "time": 0.5642441940307618, "epoch": 1, "step": 50}
{"lr": 0.0008148148148148149, "data_time": 0.0006661510467529297, "loss": 2.6131461524963377, "loss_cls": 0.507152065038681, "loss_obj": 0.6653677260875702, "loss_bbox": 1.4406263494491578, "time": 0.32214611530303955, "epoch": 1, "step": 100}
{"lr": 0.0012263374485596708, "data_time": 0.008135542869567872, "loss": 2.3594703578948977, "loss_cls": 0.42073724925518036, "loss_obj": 0.7475687879323959, "loss_bbox": 1.1911643362045288, "time": 1.1330432319641113, "epoch": 1, "step": 150}
{"lr": 0.0016378600823045268, "data_time": 0.0005801248550415039, "loss": 2.246976170539856, "loss_cls": 0.37817886292934416, "loss_obj": 0.847734123468399, "loss_bbox": 1.0210631823539733, "time": 1.3563732147216796, "epoch": 1, "step": 200}
{"lr": 0.0020493827160493827, "data_time": 0.000599064826965332, "loss": 2.220476610660553, "loss_cls": 0.3540450954437256, "loss_obj": 0.9284307205677033, "loss_bbox": 0.938000807762146, "time": 1.3787540912628173, "epoch": 1, "step": 250}
{"lr": 0.002460905349794239, "data_time": 0.0005830860137939453, "loss": 2.1872838711738587, "loss_cls": 0.33862538695335387, "loss_obj": 0.9461693525314331, "loss_bbox": 0.9024891579151153, "time": 1.3306331062316894, "epoch": 1, "step": 300}
{"lr": 0.0028724279835390947, "data_time": 0.0005644035339355469, "loss": 2.1779792594909666, "loss_cls": 0.321524161696434, "loss_obj": 0.9829916894435883, "loss_bbox": 0.8734634196758271, "time": 1.3484843587875366, "epoch": 1, "step": 350}
{"lr": 0.003283950617283951, "data_time": 0.0005060958862304687, "loss": 2.1877019715309145, "loss_cls": 0.3145905768871307, "loss_obj": 1.013240976333618, "loss_bbox": 0.8598704016208649, "time": 1.360354824066162, "epoch": 1, "step": 400}
{"coco/bbox_mAP": 0.054, "coco/bbox_mAP_50": 0.13, "coco/bbox_mAP_75": 0.035, "coco/bbox_mAP_s": 0.03, "coco/bbox_mAP_m": 0.084, "coco/bbox_mAP_l": 0.143, "step": 1}
{"lr": 0.0037365333177067825, "data_time": 0.034655375480651854, "loss": 2.1484527134895326, "loss_cls": 0.2892856276035309, "loss_obj": 1.0280362522602082, "loss_bbox": 0.8311308360099793, "time": 0.35399325847625734, "epoch": 2, "step": 455}
{"lr": 0.004148045797630437, "data_time": 0.0009046030044555664, "loss": 2.1371324634552002, "loss_cls": 0.2718365269899368, "loss_obj": 1.0434587383270264, "loss_bbox": 0.8218372011184693, "time": 0.6772643995285034, "epoch": 2, "step": 505}
{"lr": 0.004559558277554092, "data_time": 0.0008625459671020508, "loss": 2.0982008576393127, "loss_cls": 0.2675730013847351, "loss_obj": 1.0098148488998413, "loss_bbox": 0.820813010931015, "time": 1.3172977876663208, "epoch": 2, "step": 555}
{"lr": 0.004971070757477746, "data_time": 0.0008135747909545899, "loss": 2.107892770767212, "loss_cls": 0.2565558245778084, "loss_obj": 1.0356196212768554, "loss_bbox": 0.8157173144817352, "time": 1.363723063468933, "epoch": 2, "step": 605}
{"lr": 0.0053825832374014, "data_time": 0.0008049297332763672, "loss": 2.127284781932831, "loss_cls": 0.25137701332569123, "loss_obj": 1.0668482780456543, "loss_bbox": 0.8090594935417176, "time": 1.3803589820861817, "epoch": 2, "step": 655}
{"lr": 0.005794095717325054, "data_time": 0.0008265924453735352, "loss": 2.096047594547272, "loss_cls": 0.24267267644405366, "loss_obj": 1.053932636976242, "loss_bbox": 0.7994422793388367, "time": 1.349703884124756, "epoch": 2, "step": 705}
{"lr": 0.006205608197248709, "data_time": 0.0008346796035766602, "loss": 2.087531406879425, "loss_cls": 0.23430699795484544, "loss_obj": 1.0674808299541474, "loss_bbox": 0.785743567943573, "time": 1.3663289308547975, "epoch": 2, "step": 755}
{"lr": 0.006617120677172364, "data_time": 0.0008161211013793945, "loss": 2.1240428733825683, "loss_cls": 0.2292665833234787, "loss_obj": 1.0993837666511537, "loss_bbox": 0.7953925156593322, "time": 1.4389343214035035, "epoch": 2, "step": 805}
{"coco/bbox_mAP": 0.097, "coco/bbox_mAP_50": 0.208, "coco/bbox_mAP_75": 0.08, "coco/bbox_mAP_s": 0.058, "coco/bbox_mAP_m": 0.153, "coco/bbox_mAP_l": 0.201, "step": 2}
{"lr": 0.007069261096273264, "data_time": 0.025989017486572265, "loss": 2.100009799003601, "loss_cls": 0.22311764657497407, "loss_obj": 1.0927448987960815, "loss_bbox": 0.7841472613811493, "time": 0.35279754638671873, "epoch": 3, "step": 860}
{"lr": 0.007480743115846795, "data_time": 0.0008163166046142578, "loss": 2.077775864601135, "loss_cls": 0.2237892735004425, "loss_obj": 1.0626417195796967, "loss_bbox": 0.7913448631763458, "time": 0.9151522254943848, "epoch": 3, "step": 910}
{"lr": 0.007892225135420325, "data_time": 0.0007375621795654297, "loss": 2.0666886162757874, "loss_cls": 0.21408265680074692, "loss_obj": 1.0649252152442932, "loss_bbox": 0.7876807487010956, "time": 1.3885618686676025, "epoch": 3, "step": 960}
{"lr": 0.008303707154993857, "data_time": 0.0008928871154785156, "loss": 2.0082973289489745, "loss_cls": 0.20537738502025604, "loss_obj": 1.038723658323288, "loss_bbox": 0.7641963136196136, "time": 1.3223214769363403, "epoch": 3, "step": 1010}
{"lr": 0.008715189174567388, "data_time": 0.0007594490051269532, "loss": 2.010317862033844, "loss_cls": 0.20020113080739976, "loss_obj": 1.0411881816387176, "loss_bbox": 0.7689285731315613, "time": 1.3337645959854125, "epoch": 3, "step": 1060}
{"lr": 0.00912667119414092, "data_time": 0.0008635759353637695, "loss": 2.0126564836502077, "loss_cls": 0.20181792944669724, "loss_obj": 1.0434321939945221, "loss_bbox": 0.7674063742160797, "time": 1.358042187690735, "epoch": 3, "step": 1110}
{"lr": 0.00953815321371445, "data_time": 0.000869140625, "loss": 2.030801911354065, "loss_cls": 0.19599245458841325, "loss_obj": 1.0647665810585023, "loss_bbox": 0.7700428867340088, "time": 1.3777332353591918, "epoch": 3, "step": 1160}
{"lr": 0.009949635233287981, "data_time": 0.0008464670181274414, "loss": 2.0577473282814025, "loss_cls": 0.18911632001399994, "loss_obj": 1.094619917869568, "loss_bbox": 0.7740110754966736, "time": 1.4170801496505738, "epoch": 3, "step": 1210}
{"coco/bbox_mAP": 0.128, "coco/bbox_mAP_50": 0.263, "coco/bbox_mAP_75": 0.111, "coco/bbox_mAP_s": 0.071, "coco/bbox_mAP_m": 0.193, "coco/bbox_mAP_l": 0.282, "step": 3}
{"lr": 0.009997779521645793, "data_time": 0.07425429821014404, "loss": 2.0043886160850524, "loss_cls": 0.18564553648233414, "loss_obj": 1.0473973917961121, "loss_bbox": 0.771345682144165, "time": 1.7014210176467897, "epoch": 4, "step": 1265}
{"lr": 0.009997779521645793, "data_time": 0.0008907413482666016, "loss": 2.0224928784370424, "loss_cls": 0.1837456116080284, "loss_obj": 1.083045482635498, "loss_bbox": 0.7557017946243286, "time": 2.103558645248413, "epoch": 4, "step": 1315}
{"lr": 0.009997779521645793, "data_time": 0.0008715248107910156, "loss": 1.9967856740951537, "loss_cls": 0.18231674790382385, "loss_obj": 1.0519996774196625, "loss_bbox": 0.7624692392349243, "time": 2.087391743659973, "epoch": 4, "step": 1365}
{"lr": 0.009997779521645793, "data_time": 0.0008586549758911133, "loss": 2.058377103805542, "loss_cls": 0.17850611299276353, "loss_obj": 1.1175290954113006, "loss_bbox": 0.762341878414154, "time": 2.1859168243408202, "epoch": 4, "step": 1415}
{"lr": 0.009997779521645793, "data_time": 0.0007689905166625977, "loss": 1.9609853434562683, "loss_cls": 0.1741825583577156, "loss_obj": 1.0440658378601073, "loss_bbox": 0.7427369439601899, "time": 2.0372230911254885, "epoch": 4, "step": 1465}
{"lr": 0.009997779521645793, "data_time": 0.0006857967376708985, "loss": 1.9765935087203979, "loss_cls": 0.16923932641744613, "loss_obj": 1.064753429889679, "loss_bbox": 0.7426007544994354, "time": 2.080556321144104, "epoch": 4, "step": 1515}
{"lr": 0.009997779521645793, "data_time": 0.0009093904495239258, "loss": 1.9610890340805054, "loss_cls": 0.1682324782013893, "loss_obj": 1.0474951624870301, "loss_bbox": 0.7453613901138305, "time": 2.0963420057296753,