{"lr": 0.00010108561679951444, "data_time": 0.017978262901306153, "loss": 5.402175235748291, "loss_cls": 0.3894922190904617, "loss_obj": 3.3475489950180055, "loss_bbox": 1.665134015083313, "time": 1.1883686923980712, "epoch": 300, "_timestamp": 1677125696.1107, "_runtime": 58711.10240197182, "_step": 899, "coco/bbox_mAP": 0.199, "coco/bbox_mAP_50": 0.36, "coco/bbox_mAP_75": 0.188, "coco/bbox_mAP_s": 0.108, "coco/bbox_mAP_m": 0.299, "coco/bbox_mAP_l": 0.433, "_wandb": {"runtime": 58706}}